dataset,num_hubs,num_bridges,default_nodes,default_edges,processed_nodes,processed_edges,delta_nodes,delta_edges,default_diameter,default_avg_diameter,processed_diameter,processed_avg_diameter,delta_diameter,delta_avg_diameter,default_max_degree,default_avg_degree,processed_max_degree,processed_avg_degree,delta_max_degree,delta_avg_degree,default_density,processed_density,delta_density,default_node2edge_ratio,processed_node2edge_ratio,delta_node2edge_ratio,processed_hubs_bridges_ratio,normalized_hubs_bridges_ratio
rel-amazon,0,1,3,2,3,2,0,0,2,0.89,2,0.89,0,0.0,2,1.33,2,1.33,0,0.0,0.33,0.33,0.0,1.5,1.5,0.0,,0.0
rel-avito,1,4,8,11,8,14,0,3,2,1.41,2,1.31,0,-0.09,5,2.75,5,3.5,0,0.75,0.2,0.25,0.05,0.73,0.57,-0.16,,0.12
rel-event,0,3,5,7,5,7,0,0,2,1.12,2,1.12,0,0.0,5,2.8,5,2.8,0,0.0,0.35,0.35,0.0,0.71,0.71,0.0,,0.0
rel-f1,2,3,9,13,7,13,-2,0,3,1.58,2,1.31,-1,-0.27,6,2.89,8,3.71,2,0.83,0.18,0.31,0.13,0.69,0.54,-0.15,1.0,0.22
rel-hm,0,1,3,2,3,2,0,0,2,0.89,2,0.89,0,0.0,2,1.33,2,1.33,0,0.0,0.33,0.33,0.0,1.5,1.5,0.0,,0.0
rel-stack,1,4,7,12,7,15,0,3,3,1.39,3,1.39,0,0.0,10,3.43,14,4.29,4,0.86,0.29,0.36,0.07,0.58,0.47,-0.12,,0.14
rel-trial,0,5,15,15,15,15,0,0,4,2.16,4,2.16,0,0.0,10,2.0,10,2.0,0,0.0,0.07,0.07,0.0,1.0,1.0,0.0,,0.0
ctu-accidents,0,1,3,3,3,3,0,0,1,0.67,1,0.67,0,0.0,2,2.0,2,2.0,0,0.0,0.5,0.5,0.0,1.0,1.0,0.0,,0.0
ctu-adventureworks,10,18,71,90,65,130,-6,40,9,4.19,8,3.52,-1,-0.67,18,2.69,21,4.26,3,1.58,0.02,0.03,0.01,0.79,0.5,-0.29,1.67,0.14
ctu-airline,1,0,19,33,18,528,-1,495,2,1.8,1,0.94,-1,-0.85,33,3.47,128,58.67,95,55.19,0.1,1.73,1.63,0.58,0.03,-0.54,1.0,0.05
ctu-atherosclerosis,0,0,4,3,4,3,0,0,2,1.12,2,1.12,0,0.0,3,1.5,3,1.5,0,0.0,0.25,0.25,0.0,1.33,1.33,0.0,,0.0
ctu-basketballmen,0,2,9,9,9,9,0,0,5,2.27,5,2.27,0,0.0,5,2.0,5,2.0,0,0.0,0.12,0.12,0.0,1.0,1.0,0.0,,0.0
ctu-basketballwomen,0,2,8,8,8,8,0,0,4,1.94,4,1.94,0,0.0,6,2.0,6,2.0,0,0.0,0.14,0.14,0.0,1.0,1.0,0.0,,0.0
ctu-biodegradability,0,2,5,5,5,5,0,0,3,1.44,3,1.44,0,0.0,4,2.0,4,2.0,0,0.0,0.25,0.25,0.0,1.0,1.0,0.0,,0.0
ctu-bupa,0,1,9,8,9,8,0,0,3,1.73,3,1.73,0,0.0,7,1.78,7,1.78,0,0.0,0.11,0.11,0.0,1.12,1.12,0.0,,0.0
ctu-carcinogenesis,4,0,6,13,2,13,-4,0,2,1.17,1,0.5,-1,-0.67,9,4.33,17,13.0,8,8.67,0.43,6.5,6.07,0.46,0.15,-0.31,1.0,0.67
ctu-cde,0,0,3,2,3,2,0,0,2,0.89,2,0.89,0,0.0,2,1.33,2,1.33,0,0.0,0.33,0.33,0.0,1.5,1.5,0.0,,0.0
ctu-chess,0,0,2,1,2,1,0,0,1,0.5,1,0.5,0,0.0,1,1.0,1,1.0,0,0.0,0.5,0.5,0.0,2.0,2.0,0.0,,0.0
ctu-classicmodels,0,2,8,8,8,8,0,0,6,2.38,6,2.38,0,0.0,4,2.0,4,2.0,0,0.0,0.14,0.14,0.0,1.0,1.0,0.0,,0.0
ctu-cora,0,1,3,3,3,3,0,0,2,0.89,2,0.89,0,0.0,3,2.0,3,2.0,0,0.0,0.5,0.5,0.0,1.0,1.0,0.0,,0.0
ctu-countries,0,1,4,3,4,3,0,0,3,1.25,3,1.25,0,0.0,2,1.5,2,1.5,0,0.0,0.25,0.25,0.0,1.33,1.33,0.0,,0.0
ctu-craftbeer,0,0,2,1,2,1,0,0,1,0.5,1,0.5,0,0.0,1,1.0,1,1.0,0,0.0,0.5,0.5,0.0,2.0,2.0,0.0,,0.0
ctu-credit,1,1,8,9,7,9,-1,0,3,1.66,2,1.35,-1,-0.31,5,2.25,6,2.57,1,0.32,0.16,0.21,0.05,0.89,0.78,-0.11,1.0,0.12
ctu-dallas,0,0,3,2,3,2,0,0,2,0.89,2,0.89,0,0.0,2,1.33,2,1.33,0,0.0,0.33,0.33,0.0,1.5,1.5,0.0,,0.0
ctu-dcg,0,0,2,1,2,1,0,0,1,0.5,1,0.5,0,0.0,1,1.0,1,1.0,0,0.0,0.5,0.5,0.0,2.0,2.0,0.0,,0.0
ctu-diabetes,0,0,3,2,3,2,0,0,2,0.89,2,0.89,0,0.0,2,1.33,2,1.33,0,0.0,0.33,0.33,0.0,1.5,1.5,0.0,,0.0
ctu-dunur,0,16,17,32,17,32,0,0,2,1.77,2,1.77,0,0.0,32,3.76,32,3.76,0,0.0,0.12,0.12,0.0,0.53,0.53,0.0,,0.0
ctu-elti,0,10,11,20,11,20,0,0,2,1.65,2,1.65,0,0.0,20,3.64,20,3.64,0,0.0,0.18,0.18,0.0,0.55,0.55,0.0,,0.0
ctu-employee,0,2,6,6,6,6,0,0,3,1.44,3,1.44,0,0.0,4,2.0,4,2.0,0,0.0,0.2,0.2,0.0,1.0,1.0,0.0,,0.0
ctu-ergastf1,2,7,14,21,12,23,-2,2,3,1.84,2,1.56,-1,-0.28,10,3.0,13,3.83,3,0.83,0.12,0.17,0.06,0.67,0.52,-0.14,1.0,0.14
ctu-expenditures,0,0,3,2,3,2,0,0,2,0.89,2,0.89,0,0.0,2,1.33,2,1.33,0,0.0,0.33,0.33,0.0,1.5,1.5,0.0,,0.0
ctu-financial,0,1,8,8,8,8,0,0,3,1.72,3,1.72,0,0.0,5,2.0,5,2.0,0,0.0,0.14,0.14,0.0,1.0,1.0,0.0,,0.0
ctu-fnhk,0,0,3,2,3,2,0,0,2,0.89,2,0.89,0,0.0,2,1.33,2,1.33,0,0.0,0.33,0.33,0.0,1.5,1.5,0.0,,0.0
ctu-ftp,0,0,2,1,2,1,0,0,1,0.5,1,0.5,0,0.0,1,1.0,1,1.0,0,0.0,0.5,0.5,0.0,2.0,2.0,0.0,,0.0
ctu-geneea,0,4,19,20,19,20,0,0,7,3.02,7,3.02,0,0.0,5,2.11,5,2.11,0,0.0,0.06,0.06,0.0,0.95,0.95,0.0,,0.0
ctu-genes,0,1,3,3,3,3,0,0,2,0.89,2,0.89,0,0.0,3,2.0,3,2.0,0,0.0,0.5,0.5,0.0,1.0,1.0,0.0,,0.0
ctu-gosales,0,1,5,4,5,4,0,0,3,1.44,3,1.44,0,0.0,3,1.6,3,1.6,0,0.0,0.2,0.2,0.0,1.25,1.25,0.0,,0.0
ctu-grants,0,5,12,11,12,11,0,0,4,2.31,4,2.31,0,0.0,6,1.83,6,1.83,0,0.0,0.08,0.08,0.0,1.09,1.09,0.0,,0.0
ctu-hepatitis,0,3,7,6,7,6,0,0,4,1.96,4,1.96,0,0.0,3,1.71,3,1.71,0,0.0,0.14,0.14,0.0,1.17,1.17,0.0,,0.0
ctu-hockey,0,8,22,26,22,26,0,0,4,2.08,4,2.08,0,0.0,14,2.74,14,2.74,0,0.0,0.06,0.06,0.0,0.85,0.85,0.0,,0.0
ctu-imdb,0,2,7,6,7,6,0,0,5,2.04,5,2.04,0,0.0,3,1.71,3,1.71,0,0.0,0.14,0.14,0.0,1.17,1.17,0.0,,0.0
ctu-lahman,0,10,25,31,25,31,0,0,6,2.6,6,2.6,0,0.0,14,2.48,14,2.48,0,0.0,0.05,0.05,0.0,0.81,0.81,0.0,,0.0
ctu-legalacts,0,2,5,5,5,5,0,0,3,1.44,3,1.44,0,0.0,4,2.0,4,2.0,0,0.0,0.25,0.25,0.0,1.0,1.0,0.0,,0.0
ctu-mesh,0,6,29,33,29,33,0,0,3,1.93,3,1.93,0,0.0,32,2.28,32,2.28,0,0.0,0.04,0.04,0.0,0.88,0.88,0.0,,0.0
ctu-mondial,12,7,34,63,23,79,-11,16,5,2.36,4,1.93,-1,-0.43,25,3.71,41,6.87,16,3.16,0.06,0.16,0.1,0.54,0.29,-0.25,1.09,0.35
ctu-mooney,0,67,68,134,68,134,0,0,2,1.94,2,1.94,0,0.0,134,3.94,134,3.94,0,0.0,0.03,0.03,0.0,0.51,0.51,0.0,,0.0
ctu-movielens,0,3,7,6,7,6,0,0,4,1.96,4,1.96,0,0.0,3,1.71,3,1.71,0,0.0,0.14,0.14,0.0,1.17,1.17,0.0,,0.0
ctu-musklarge,0,0,2,1,2,1,0,0,1,0.5,1,0.5,0,0.0,1,1.0,1,1.0,0,0.0,0.5,0.5,0.0,2.0,2.0,0.0,,0.0
ctu-musksmall,0,0,2,1,2,1,0,0,1,0.5,1,0.5,0,0.0,1,1.0,1,1.0,0,0.0,0.5,0.5,0.0,2.0,2.0,0.0,,0.0
ctu-mutagenesis,0,1,3,3,3,3,0,0,2,0.89,2,0.89,0,0.0,3,2.0,3,2.0,0,0.0,0.5,0.5,0.0,1.0,1.0,0.0,,0.0
ctu-ncaa,4,2,9,17,5,17,-4,0,4,1.58,3,1.28,-1,-0.3,11,3.78,19,6.8,8,3.02,0.24,0.85,0.61,0.53,0.29,-0.24,1.0,0.44
ctu-northwind,1,4,13,13,13,16,0,3,7,3.15,7,2.92,0,-0.22,4,2.0,6,2.46,2,0.46,0.08,0.1,0.02,1.0,0.81,-0.19,,0.08
ctu-pima,0,0,9,8,9,8,0,0,2,1.58,2,1.58,0,0.0,8,1.78,8,1.78,0,0.0,0.11,0.11,0.0,1.12,1.12,0.0,,0.0
ctu-premiereleague,1,1,4,5,3,5,-1,0,2,1.0,1,0.67,-1,-0.33,3,2.5,4,3.33,1,0.83,0.42,0.83,0.42,0.8,0.6,-0.2,1.0,0.25
ctu-restbase,0,1,3,3,3,3,0,0,1,0.67,1,0.67,0,0.0,2,2.0,2,2.0,0,0.0,0.5,0.5,0.0,1.0,1.0,0.0,,0.0
ctu-sakila,2,7,16,22,15,25,-1,3,7,2.83,7,2.68,0,-0.15,5,2.93,8,3.57,3,0.64,0.09,0.12,0.03,0.73,0.6,-0.13,2.0,0.12
ctu-sales,1,0,4,3,3,3,-1,0,2,1.12,1,0.67,-1,-0.46,3,1.5,2,2.0,-1,0.5,0.25,0.5,0.25,1.33,1.0,-0.33,1.0,0.25
ctu-samegen,0,3,4,6,4,6,0,0,2,1.12,2,1.12,0,0.0,6,3.0,6,3.0,0,0.0,0.5,0.5,0.0,0.67,0.67,0.0,,0.0
ctu-sap,0,0,5,3,5,3,0,0,2,1.06,2,1.06,0,0.0,3,1.5,3,1.5,0,0.0,0.15,0.15,0.0,1.67,1.67,0.0,,0.0
ctu-satellite,0,32,36,65,36,65,0,0,4,1.9,4,1.9,0,0.0,34,3.61,34,3.61,0,0.0,0.05,0.05,0.0,0.55,0.55,0.0,,0.0
ctu-seznam,0,0,4,3,4,3,0,0,2,1.12,2,1.12,0,0.0,3,1.5,3,1.5,0,0.0,0.25,0.25,0.0,1.33,1.33,0.0,,0.0
ctu-sfscores,0,0,3,2,3,2,0,0,2,0.89,2,0.89,0,0.0,2,1.33,2,1.33,0,0.0,0.33,0.33,0.0,1.5,1.5,0.0,,0.0
ctu-shakespeare,0,1,4,3,4,3,0,0,3,1.25,3,1.25,0,0.0,2,1.5,2,1.5,0,0.0,0.25,0.25,0.0,1.33,1.33,0.0,,0.0
ctu-stats,1,4,8,13,8,16,0,3,3,1.5,3,1.5,0,0.0,10,3.25,12,4.0,2,0.75,0.23,0.29,0.05,0.62,0.5,-0.12,,0.12
ctu-studentloan,0,1,10,9,10,9,0,0,3,1.76,3,1.76,0,0.0,8,1.8,8,1.8,0,0.0,0.1,0.1,0.0,1.11,1.11,0.0,,0.0
ctu-thrombosis,0,0,3,2,3,2,0,0,2,0.89,2,0.89,0,0.0,2,1.33,2,1.33,0,0.0,0.33,0.33,0.0,1.5,1.5,0.0,,0.0
ctu-toxicology,1,0,4,5,3,5,-1,0,2,1.0,1,0.67,-1,-0.33,3,2.5,5,3.33,2,0.83,0.42,0.83,0.42,0.8,0.6,-0.2,1.0,0.25
ctu-tpcc,0,3,9,10,9,10,0,0,4,1.98,4,1.98,0,0.0,3,2.22,3,2.22,0,0.0,0.14,0.14,0.0,0.9,0.9,0.0,,0.0
ctu-tpcd,0,1,8,8,8,8,0,0,4,1.91,4,1.91,0,0.0,3,2.0,3,2.0,0,0.0,0.14,0.14,0.0,1.0,1.0,0.0,,0.0
ctu-tpcds,9,4,24,102,17,576,-7,474,4,1.77,2,1.13,-2,-0.64,22,8.5,140,67.76,118,59.26,0.18,2.12,1.93,0.24,0.03,-0.21,1.29,0.38
ctu-tpch,0,2,8,8,8,8,0,0,4,1.91,4,1.91,0,0.0,3,2.0,3,2.0,0,0.0,0.14,0.14,0.0,1.0,1.0,0.0,,0.0
ctu-triazine,0,0,2,1,2,1,0,0,1,0.5,1,0.5,0,0.0,1,1.0,1,1.0,0,0.0,0.5,0.5,0.0,2.0,2.0,0.0,,0.0
ctu-uwcse,0,2,4,4,4,4,0,0,3,1.25,3,1.25,0,0.0,3,2.0,3,2.0,0,0.0,0.33,0.33,0.0,1.0,1.0,0.0,,0.0
ctu-visualgenome,0,2,6,5,6,5,0,0,4,1.72,4,1.72,0,0.0,3,1.67,3,1.67,0,0.0,0.17,0.17,0.0,1.2,1.2,0.0,,0.0
ctu-voc,0,0,8,7,8,7,0,0,2,1.53,2,1.53,0,0.0,7,1.75,7,1.75,0,0.0,0.12,0.12,0.0,1.14,1.14,0.0,,0.0
ctu-walmart,0,0,4,3,4,3,0,0,3,1.25,3,1.25,0,0.0,2,1.5,2,1.5,0,0.0,0.25,0.25,0.0,1.33,1.33,0.0,,0.0
ctu-webkp,0,1,3,3,3,3,0,0,2,0.89,2,0.89,0,0.0,3,2.0,3,2.0,0,0.0,0.5,0.5,0.0,1.0,1.0,0.0,,0.0
ctu-world,0,0,3,2,3,2,0,0,2,0.89,2,0.89,0,0.0,2,1.33,2,1.33,0,0.0,0.33,0.33,0.0,1.5,1.5,0.0,,0.0
